Tipo;Codigo Topaz;Agencia;Dirección;Area;Distrito;Provincia;Departamento;Zona
Matriz;222;Abancay;Av. Diaz parcena n° 917 abancay-apurimac;308 m2;Abancay;Abancay;Apurimac;Sur
Matriz;220;Albarracin Municipal;Av. Municipal N° 701 ;664.49 m2;Coronel Gregorio Albarracin Lanchipa;Tacna;Tacna;Sur
Agencia;813;Alto Selva Alegre;Pueblo Joven Apurimac Mz. L Lote 1 y Lote 1-A, ;302.79 m2;Alto Selva Alegre;Arequipa;Arequipa;Sur
Agencia;781;Alto Trujillo;Mz p lote 21 barrio 3 - sector t3, centro poblado alto trujillo ;500.65 m2;El Porvenir;Trujillo;La Libertad;Norte
Agencia;210;Ancon;Calle ancash mz m lote 17 urb. Zona 3 (antes urbanizacion de interes social san jose);237.27 m2;Ancon;Lima;Lima;Lima
Matriz;326;Andahuaylas;Jr. Guillermo cáceres tresierra nº 369 - 371;255.75 m2;Andahuaylas;Andahuaylas;Apurimac;Sur
Agencia;504;Angelica Gamarra;Av. Angelica Gamarra Mz D Lt 4 Urb El trebol;310.10 m2;Los Olivos;Lima;Lima;Lima
Agencia;221;Anta;Jr. Jaquahuana Nº 335;281 m2;Anta;Anta;Cusco;Sur
Agencia;237;Aplao;Av. 3 de abril mz c2 lote 4, centro poblado de aplao, provincia de castilla, departamento de arequipa;321.28 m2;Aplao;Castilla;Arequipa;Sur
Matriz;300;Arequipa Cercado;Calle 28 de julio n° 100a y 100b (antes calle  san juan de dios n° 601 y calle 28 de julio n° 100 a –b, sección 02);1060.53 m2;Arequipa;Arequipa;Arequipa;Sur
Matriz;302;Atahualpa;Av. Atahualpa 445. Pueblo Libre;676.70 m2;Atahualpa;Cajamarca;Cajamarca;Norte
Agencia;108;Aucayacu;Jr. Tingo Maria 248 y 258, lote 6, mz 16D del sector Vida Nueva en la Ciudad de Aucayacu;260.50 m2;Jose Crespo y Castillo;Leoncio Prado;Huanuco;Centro
Matriz;486;Avelino Matriz;Av. Daniel alcides carrión 265;1255.89 m2;La Pampilla;Arequipa;Arequipa;Sur
Agencia;236;Ayabaca;Calle caceres n° 101, distrito y provincia de ayabaca, departamento de piura;199.11 m2;Ayabaca;Ayabaca;Piura;Norte
Agencia;9;Ayacucho;Av. Mariscal castilla 525;704.89 m2;Ayacucho;Huamanga;Ayacucho;Sur
Matriz;560;Ayacucho Matriz;Jr. Arequipa N° 291, 297, 299 y Jr. Sol N° 492,498  ;1127.61 m2;Ayacucho;Huamanga;Ayacucho;Sur
Agencia;110;Azangaro;Jiron Huancane 169;225.60 m2;Azangaro;Azangaro;Puno;Sur
Agencia;116;Bagua Chica;AV. Mariano Melgar 456 ;312.13 m2;Bagua;Bagua;Amazonas;Oriente
Agencia;803;Bagua Grande;Av. Chachapoyas 2374 -2376, lote 3;686.29 m2;Bagua Grande;Utcubamba;Amazonas;Oriente
Agencia;207;Bambamarca;J. Miguel grau 278;396.82 m2;Bambamarca;Bambamarca;Cajamarca;Norte
OI;207;Bambamarca;Centro Poblado Bambamarca mz 123 lote 14, dist. De Bambamarca, Prov. De Hualgayoc y Dpto. De Cajamarca.;132 m2;Bambamarca;Hualgayoc;Cajamarca;Norte
OI;OI;Bambamarca;Centro Poblado Bambamarca mz 123 lote 14, dist. De Bambamarca, Prov. De Hualgayoc y Dpto. De Cajamarca.;132 m2;Bambamarca;Hualgayoc;Cajamarca;Norte
Agencia;515;Barranca;Jr. Alonso Ugarte N°120  (a 1/2 cuadra de Plaza de Armas) ;685.70 m2;Barranca;Barranca;Lima;Lima
Agencia;845;Bayovar;Mz. I-10 lote 4 - Programa Ciudad Mariscal Cáceres Sector II;302.48 m2;Sjl;Lima;Lima;Lima
Agencia;57;Bellavista;Av. El sol 120 barrio bellavista;360.72 m2;Bellavista;Puno;Puno;Sur
Agencia;182;Cajabamba;Jirón bolognesi n° 700;289 m2;Cajabamba;Cajabamba;Cajamarca;Norte
Agencia;665;Cajamarca;Jr. Amazonas N° 757, Zona dos de Mayo;890.54 m2;Cajamarca;Cajamarca;Cajamarca;Norte
Matriz;364;Cajamarca Matriz;Jr. Apurimac 625 - 627 ;839.29 m2;Cajamarca;Cajamarca;Cajamarca;Norte
BN;193;Calca;Calle Espinar 1874;48.29 m2;Calca;Cusco;Cusco;Sur
Agencia;211;Camana;Av. Mariscal Castilla N° 140;346 m2;Camana;Camana;Arequipa;Sur
Agencia;251;Canchaque;Centro Poblado Canchaque Mz.39 Lt.4 Distrito Canchaque, Provincia de Huancabamba, Departamento de Piura   ;200.79 m2;Canchaque;Huancabamba;Piura;Norte
Agencia;838;Canta Callao;Av. San Juan Masias Mz A O-1, Lote 37 y 38 Urb. San Juan Masías;402.88 m2;Callao;Callao;Lima;Lima
Agencia;463;Canto Grande;Av. Canto Grande 3510, altura del paradero N° 7;1216.51 m2;Sjl;Lima;Lima;Lima
Agencia;812;Canto Rey;Av. Proceres de la Ind. N° 3491 y 3491-A ;393.61 m2;Sjl;Lima;Lima;Lima
Agencia;489;Cañete;Calle Sepulveda 115-215 San Vicente de Cañete;432.84 m2;Cañete;Cañete;Lima;Lima
Matriz;483;Carabayllo;Av. Tupac amaru 3043 urb. El progreso;555.10 m2;Comas;Lima;Lima;Lima
Agencia;412;Carapongo;Av. Carapongo Mz H2 Lt. 11-12, Urb. San Antonio de Carapongo 2, distrito de Lurigancho - Chosica;246.55 m2;Lurigancho - Chosica;Lima;Lima;Lima
Matriz;205;Caraz;Jr. José de Sucre Nro. 1182;250.35 m2;Caraz;Huaylas;Ancash;Norte
Matriz;205;Caraz;Jr. José de Sucre Nro. 1182;250.35 m2;Caraz;Huaylas;Ancash;Norte
Agencia;106;Carhuaz;Av. El progreso nº 471;329.35 m2;Carhuaz;Carhuaz;Ancash;Norte
Agencia;20;Casma;Av. Nepeña mz. N lte. 16;198 m2;Casma;Casma;Ancash ;Norte
Matriz;536;Castilla Matriz;Av. Guardia civil esq. Las dalias mz b lt 1 urb. Miraflores ;991.90 m2;Castilla;Piura;Piura;Norte
Agencia;402;Catacaos;Jr. Ica # 699 – cercado;420.85 m2;Catacaos;Piura;Piura;Norte
Agencia;426;Cayalti;Cal. Progreso mza. 27a lote. 13 sec. 1 (posesion informal, cdo. Cayalti);385.55 m2;Cayalti;Chiclayo;Lambayeque;Norte
Agencia;399;Cayma;Av. Ramón castilla#1064-la tomilla;414.03 m2;Cayma;Arequipa;Arequipa;Sur
Agencia;19;Celendin;Jr. Dos de Mayo Nro. 679-685;238.72 m2;Celendin;Celendin;Cajamarca;Norte
OI;OI;Celendin;Jr. Cáceres 306, Distrito de Celendín, Prov. De Celendín Dpto. De Cajamarca;ATENDIDO;Celendin;Celendin;Cajamarca;Norte
Matriz;476;Centro Historico;Jr. Caraballa 400 402 406 408 - jr ucayali 180;1730.41 m2;Lima;Lima;Lima;Lima
Matriz;839;Cercado Matriz;Av. Inca Garcilazo de la Vega 1390-1394-1398, Esq con Av. España N° 200, 210, 214 y 218;495 m2;Lima;Lima;Lima;Lima
Agencia;484;Ceres Los Angeles;Av. Victor Raul Haya de la Torre Mz. D Lt. 24  - Urb. Los Angeles  de Vitarte;667.24 m2;Ate Vitarte;Lima;Lima;Lima
Matriz;16;Ceres Matriz;Av. Nicolás Ayllon Mz. E Lt. 6 Asociación Pro-Vivienda Virgen del Carmen;751.95 m2;Ate Vitarte;Lima;Lima;Lima
Matriz;281;Cerro Colorado;Av. Prolongación ejército 632 ;289.22 m2;Cerro Colorado;Arequipa;Arequipa;Sur
Agencia;318;Cerro Mocho;Calle 25 mz 64 lote n° 22 c.p. san jacinto;234.37 m2;Ignacio Escudero;Sullana;Piura;Norte
Agencia;820;Chachapoyas;Jirón Ortiz Arrieta N° 294 – 298 - Esquina Jirón Ortiz Arrieta y Salamanca c-02 Chachapoyas;PROCESO;Chachapoyas;Chachapoyas;Amazonas;Oriente
Agencia;124;Chepen;Calle trujillo nº 527;495.31 m2;Chepen;Chepen;La Libertad;Norte
Matriz;558;Chepen Matriz;Calle lima 406;676.97 m2;Chepen;Chepen;La Libertad;Norte
Agencia;474;Chiclayo Cercado; Calle lora y cordero n° 745;599.6 m2;Chiclayo;Lambayeque;Lambayeque;Norte
Matriz;60;Chiclayo Matriz;Av. José balta 1731;416.90 m2;Chiclayo;Chiclayo;Lambayeque;Norte
Agencia;537;Chilca;Calle real 600 chilca;486.27 m2;Chilca;Huancayo;Junin;Centro
Agencia;169;Chilca Sur;Prolog. Mariano ignacio prado nº 161;323.10 m2;Chilca;Cañete;Lima;Lima
Agencia;517;Chimbote;Jr.francisco bolognesi  683 zona casco urbano;ATENDIDO;Chimbote;Santa;Ancash;Norte
Matriz;11;Chimbote Matriz;Av. Francisco bolognesi n° 669 zona casco urbano;512.75 m2;Chimbote;Santa;Ancash;Norte
Matriz;473;Chincha;Av. Mariscal  castilla n° 182 - chincha alta;437.28 m2;Chincha Alta;Ica;Ica;Sur
Agencia;40;Chocope;Av. Bolivar nº 265 chocope;451.19 m2;Chocope;Ascope;La Libertad;Norte
Agencia;24;Chorrillos La Campiña;Av. Guardia civil 236 urb. La campiña;135 m2;Chorrillos;Lima;Lima;Lima
Matriz;459;Chorrillos Matriz;Av. Guardia civil 312;1233.85 m2;Chorrillos;Lima;Lima;Lima
Agencia;465;Chosica;Av. 28 de Julio 389  y 393. ;680.06 m2;Lurigancho - Chosica;Lima;Lima;Lima
Matriz;365;Chota;Jr. 27 de noviembre 581. Chota;588.59 m2;Chota ;Chota ;Cajamarca;Norte
Agencia;615;Chulucanas;Jr. La libertad n° 585 - 587;494 m2;Chulucanas;Morropon;Piura;Norte
Matriz;17;Chulucanas Matriz;Jr. Apurímac N°686-688 ;742.38 m2;Chulucanas;Morropon;Piura;Norte
Agencia;180;Chupaca;Jr. Bruno Terreros Nº 460, Chupaca, Provincia de Chupaca, Junín;480.04 m2;Chupaca;Chupaca;Junin;Centro
Matriz;547;Circunvalacion;Av. Circunvalación 2147 urb.el pino;676.81 m2;San Luis;Lima;Lima;Lima
Agencia;256;Ciudad Nueva;Mz 83, lote 15, asentamiento humano marginal ciudad nueva;431.47 m2;Ciudad Nueva;Tacna;Tacna;Sur
Agencia;202;Cocachacra;Av. Libertad  451 Mz D Lt 2- Distrito de Cocachacra, provincia de Islay;374.96 m2;Cocachacra;Islay;Arequipa;Sur
Agencia;423;Cocharcas;Urbanizacion Virgen de Cocharcas Mz B Blote 20,;467.16 m2;Ves;Lima;Lima;Lima
Matriz;458;Comas Matriz;Av. Tupar amaru 3857-3861. Urb. San agustin ;602.90 m2;Comas;Lima;Lima;Lima
Agencia;306;Combapata;Plaza de armas nro s/n (104 emporio señor de huanca) centro poblado: combapata;415.12 m2;Combapata;Canchis;Cusco;Sur
Agencia;111;Concepción;Jr. 9 de Julio N° 346;317.33 m2;Concepción;Concepción;Junin;Centro
Agencia;422;Cono Sur;Av. Martires del 4 de noviembre n° 102 -108;728.81 m2;Juliaca;San Roman ;Puno;Sur
Agencia;496;Covida;Av. Antunez de Mayolo 1388;586.12 m2;Los Olivos;Lima;Lima;Lima
OI;OI;Cruz de Médano;Calle 28 de Julio, Mz. E1, Lt. 34D, Centro poblado de Cruz de Medano;110.31 m2;Morrope;Lambayeque;Lambayeque;Norte
Agencia;485;Cusco;Av. Garcilazo de la Vega 232-238;489.43 m2;Cusco;Cusco;Cusco;Sur
Agencia;544;Cusco Centro;Av. La cultura 2111 urb. Magistral 1;457.42 m2;Centro;Cusco;Cusco;Sur
Matriz;46;Cusco Matriz;Av. Garcilazo N° 506;797.05 m2;Wanchaq;Cusco;Cusco;Sur
Matriz;524;Cusco Sur;Av. Pueblo Libertadores Mz. B Lt.2 y 3 ;427.20 m2;San Sebastian;Cusco ;Cusco;Sur
Agencia;242;Cutervo;Jirón 22 de octubre 1117;377.87 m2;Cutervo;Cutervo;Cajamarca;Norte
Agencia;48;Desaguadero;Av. 28 de Julio Nº 342 ;371.78 m2;Desaguadero;Chucuito;Puno;Sur
Agencia;531;El Agustino; Riva Agüero Cdra 1400-1404 entre Circunvalación y Riva Agüero Mz C Lt 27;463.20 m2;El Agustino;Lima;Lima;Lima
Agencia;120;El Agustino Mercado;Av. Riva agüero nº1375;352 m2;El Agustino;Lima;Lima;Lima
Agencia;545;El Dorado;Jr. Lima 367-377-379;721.94 m2;Tarapoto;Tarapoto;San Martin;Oriente
Agencia;343;El Milagro;Av. Miguel grau, mz 03 lote 7a (pueblo joven el milagro mz 3 sub lote 7a);329.59 m2;El Milagro;Huanchaco;La Libertad;Norte
Agencia;553;El Pedregal;Calle Islay Lt 2B MZ I - Villa el Pedregal;668.17 m2;Caylloma;Caylloma;Arequipa;Sur
Matriz;284;El Pedregal Matriz;Av. Sabandia S/N Mz. F Lt. 17 Centro poblado El Pedregal;394 m2;Caylloma;Caylloma;Arequipa;Sur
Agencia;519;El Porvenir;Pje el porvenir calle micaela bastidas  1233-1235;452 m2;El Porvenir;Trujillo;La Libertad;Norte
Matriz;358;El Porvenir Matriz;M. Bastidas 1258  (mz15  lt08);479.07 m2;El Porvenir;Trujillo;La Libertad;Norte
Agencia;523;El Tambo;Av. Mariscal castilla 1259 ;503.64 m2;El Tambo;Huancayo;Junin;Centro
Matriz;201;El Tambo Centro;Av. Mariscal Castilla 1882 – cdra. 18, Distrito del Tambo;297.08 m2;El Tambo;Huancayo;Junin;Centro
Agencia;320;El Valle;Av. Pachacutec Mz. “BI” Lote 16 – Comunidad de Jicamarca – Anexo 22  ;456.54 m2;San Antonio;Huarochiri;Lima;Lima
Matriz;454;Faucett;Av. Elmer Faucett N° 306, 310 y 314. Urb. La Colonial;742.17 m2;Callao;Callao;Lima;Lima
Agencia;816;Ferreñafe;Pueblo tradicional Ferreñafe esquina calle Carmona y Calle Grau MZ 117 Lote 1;411.36 m2;Ferreñafe;Lambayeque;Lambayeque;Norte
Matriz;661;Gamarra Matriz;Av. Humbolt n° 1609 - la victoria;1480.95 m2;La Victoria;Lima;Lima;Lima
Agencia;552;Grau;Av. Manco capac 201 -jr raymondi-la victoria;512.57 m2;La Victoria;Lima;Lima;Lima
Matriz;532;Huachipa Matriz;Mza. A lote. 8 urb. El paraiso del p.huachipa (perten. A la parcel. Fundo la estrella);674.55 m2;Huachipa;Lima;Lima;Lima
Matriz;490;Huacho;Av. Miguel grau seminario 147;333.19 m2;Huacho;Huaura;Lima;Lima
Agencia;177;Huamachuco;Jr. SAN MARTIN 700;449 m2;Huamachuco;Trujillo;La Libertad;Norte
OE;OE;Huamachuco;SECTOR 1 MZ 129 LOTE 6 CENTRO POBLANDO HUAMACHUCO;70 m2;Huamachuco;Sanchez Carrión;La Libertad;Norte
Agencia;238;Huamanga;Jr. Garcilazo de la Vega 318;304.60 m2;Huamanga;Huamanga;Ayacucho;Sur
Agencia;135;Huancabamba;Av. Centenario 101-Barrios Altos de la Paloma;171.46 m2;Huancabamba;Huancabamba;Piura;Norte
Agencia;166;Huancane;Jr. Triunfo no. 101 ;381.25 m2;Huancane;Huancane;Puno;Sur
Agencia;107;Huancavelica;AV.MANCHEGO MUÑOZ 298 ;253.75 m2;Huancavelica;Huancavelica;Huancavelica;Sur
Agencia;113;Huancayo;Av. Giraldez 288 - Cercado de Huancayo;299.92 m2;Huancayo;Huancayo;Junin;Centro
Matriz;475;Huancayo Matriz;Av. Paseo de la Breña 206;792.21 m2;Huancayo;Huancayo  ;Junin;Centro
Agencia;507;Huandoy;Av. Naranjal 1415 Parque Naranjal 2°etapa Lote 15 Mz I;715 m2;Los Olivos;Lima;Lima;Lima
Agencia;82;Huanta;Av. San martin # 214;401.05 m2;Huanta;Huanta;Ayacucho;Sur
Agencia;528;Huanuco;Jr. 28 de Julio 1038(Media cdra Plaza de Armas);368.53 m2;Huanuco;Huanuco;Huanuco;Centro
Matriz;162;Huanuco Matriz;Calle huánuco 651-653, huánuco, huánuco, huánuco;390 m2;Huanuco;Huanuco;Huanuco;Centro
Agencia;529;Huaral;Av. Luis colan 110 ;637.82 m2;Huaral;Huaral;Lima;Lima
Agencia;487;Huaraz;;512.34 m2;Huaraz;Huaraz;Ancash;Norte
Agencia;8;Huaraz Plaza;Jr. José sucre  nº 659 ;394.06 m2;Huaraz;Huaraz;Ancash;Norte
Agencia;127;Huari;Jr. Ancash nº 920-parque vigil, barrio san bartolomé;126.46 m2;Huari;Huari;Ancash;Norte
Agencia;197;Huarmey;Jr los andes nro 167 (antes programa de vivienda p.v.h.u. zona centro mz b lt 39);337.03 m2;Huarmey;Huarmey;Ancash ;Norte
Agencia;28;Huaycan ;Av 15 de julio lt. 11 uvc 3 zona a ;359.62 m2;Ate Vitarte;Lima;Lima;Lima
Matriz;466;Huaycan Matriz;PJ Proyecto Especial Huaycan, Lte. 29, 15 de julio  Zona B;433.48 m2;Ate Vitarte;Lima;Lima;Lima
Agencia;800;Hunter;M. I lote 16, urb. La colina i;414.98 m2;Jacobo Hunter;Arequipa;Arequipa;Sur
Matriz;178;Ica Matriz;Calle Libertad 141 - Ica, Distrito, Provincia y  Departamento de Ica;662.08 m2;Ica;Ica;Ica;Sur
Matriz;253;Ilave;Jr. 2 de Mayo N° 335-337  Barrio Santa Barbará;427.04 m2;Ilave;Puno;Puno;Sur
OI;OI;Illimo;Av.panamericana norte 817 ;280 m2;Illimo;Lambayeque;Lambayeque;Norte
Matriz;526;Ilo Matriz;Jr. Zepita 419 y 423;428.29 m2;Ilo;Ilo;Moquegua;Sur
Agencia;175;Independencia;Av. Las violetas nº 700-702, urb. Las violetas (zona e, mz.f. Lote 11);302.84 m2;Independencia;Lima;Lima;Lima
Matriz;472;Independencia Matriz;Fte Jr Gerardo Unger o Av Tupac Amaru 7197 Urb. Mesa redonda 1era Etapa;682.67 m2;Smp;Lima;Lima;Lima
Agencia;508;Iquitos;Jr. Napo con Jr. Raimondi 200-240 (frente P. Armas);438.76 m2;Iquitos;Maynas;Loreto;Oriente
Matriz;283;Iquitos Matriz;Ag iquitos : jr. B.a.p. prospero n° 832-836, distrito de iquitos, provincia de maynas, departamento de loreto;321.38 m2;Iquitos;Maynas;Loreto;Oriente
Agencia;801;Israel;Pueblo joven ciudad blanca mz r. Lote 6 zona c;199 m2;Paucarpata;Arequipa;Arequipa;Sur
Agencia;525;Jaen;Calle simon bolivar 1247-1249;517.52 m2;Jaen;Jaen ;Cajamarca;Norte
Matriz;142;Jaen Matriz;Calle mariscal ureta 1412, jaén, jaén, cajamarca;476.06 m2;Jaen;Jaen ;Cajamarca;Norte
Agencia;854;Jauja;Jr. Bolivar 1198;479.97 m2;Jauja;Jauja;Junin;Centro
Agencia;119;Jicamarca;Aa.hh. Enrique montenegro mz.u lt.6;391.70 m2;Sjl;Lima;Lima;Lima
Matriz;510;Jose Galvez Matriz;Av. Lima 1089 urb. Villa poeta josé gálvez;647.65 m2;Vmt;Lima;Lima;Lima
Agencia;431;Juanjui;Jr. Huallaga 734;377.16 m2;Juanjui;Mariscal Cáceres;San Martin;Oriente
Agencia;105;Juli;Jr. San juan n° 123-b ;429.02 m2;Juli;Chucuito;Puno;Sur
Agencia;498;Juliaca;Jr. Huayna capac n° 130 - zona cercado;365.07 m2;Juliaca;San Roman ;Puno;Sur
Agencia;114;La 54 de Cerro Colorado;Asentamiento Poblacional Asociación Pro Vivienda de Interes Social Javier Luna Pizarro Mz. I lote 13, Autopista N° S/N;290 m2;Cerro Colorado;Arequipa;Arequipa;Sur
Agencia;810;La Esperanza Capricornio;Av. Jose gabriel condorcanqui n° 2203 – la esperanza. Ref.: a la altura del puente capricornio;352.25 m2;Esperanza;Trujillo;La Libertad;Norte
Matriz;541;La Esperanza Matriz;Pje la esperanza av. Jose gabriel condorcanqui 1264;583.06 m2;Trujilllo;Trujillo;La Libertad;Norte
Matriz;554;La Hermelinda Matriz;Av. America norte 1351;774.36 m2;Trujilllo;Trujillo;La Libertad;Norte
Matriz;154;La Joya;Pueblo Joven El Triunfo Mz. D Lt. 07 Zona cruce La Joya;488.13 m2;La Joya;Arequipa;Arequipa;Sur
OI;OI;La Matanza;Av 27 de noviembre 251;85.8 m2;La Matanza;Morropon;Piura;Norte
Matriz;538;La Merced Matriz;Calle. Tarma 244 lte a prov. Chanchamayo;539.55 m2;Chanchamayo;Chanchamayo ;Junin;Centro
BN;BN;La Punta;Avenida San Martin N° 147;63.05;Punta de Bombon;Islay;Arequipa;Sur
Agencia;25;La Union;Calle lima 885;760.94 m2;La Union;Piura;Piura;Norte
Agencia;864;La Union De Huanuco;Centro poblado LA UNIÓN, Mz. F1 - Lote 8 ;220.67 m2;La Union;Dos De Mayo;Huanuco;Centro
Agencia;319;La Victoria Chiclayo; Av. Los incas n° 905 mz 80 lote 10a - cercado;331.94 m2;Victoria;Chiclayo;Lambayeque;Norte
Matriz;298;Lambayeque;Av. Ramón castilla n° 860, distrito, provincia y departamento de lambayeque;485.68 m2;Lambayeque;Lambayeque;Lambayeque;Norte
Agencia;140;Las Lomas;Jr. Alfonso ugarte s/n las lomas;277 m2;Las Lomas;Piura;Piura;Norte
Agencia;58;Las Mercedes;Av. Jorge Chavez 501 BL B zona 1 Urb. Las Mercedes;490.8 m2;Las Mercedes;Puno;Puno;Sur
Agencia;244;Laykakota;Jr. Arequipa 1005;349.46 m2;Platería;Puno;Puno;Sur
Matriz;462;Los Olivos Matriz;Av. Alfredo mendiola 3491;1004.89 m2;Los Olivos;Lima;Lima;Lima
Agencia;317;Los Organos;Calle uno casa n° 1- 710, manzana 0837, barrio de miraflores, distrito de organos, provincia de talara, departamento de piura;330.88 m2;Organos;Talara;Piura;Norte
Agencia;317;Los Organos;Calle uno casa n° 1- 710, manzana 0837, barrio de miraflores, distrito de organos, provincia de talara, departamento de piura;330.88 m2;Organos;Talara;Piura;Norte
Agencia;337;Lurin;Las virreynas mz. F lt 07;354.70 m2;Lurin;Lima;Lima;Lima
Matriz;482;Lurin Matriz;Mz.d lt.2 urb. Las virreynas;733.99 m2;Lurin;Lima;Lima;Lima
Agencia;488;Magdalena;Av. Brasil N° 3256 - 3260;475 m2;Magdalena Del Mar;Lima;Lima;Lima
Matriz;348;Mala Matriz;Av. Marchand nº 212;413.39 m2;Mala;Cañete;Lima;Lima
Agencia;340;Mañazo;Av. Panamericana #821 , mañazo – puno;387.36 m2;Mañazo;Puno;Puno;Sur
Matriz;520;Mariscal Caceres;Av Proceres de la Indp. 5116 (Mz. J1 Lte 23 ) Urb. Mariscal Caceres;671 m2;Sjl;Lima;Lima;Lima
Agencia;561;Mayorista Vallejo;Av. Cesar vallejo 311-329  la libertad;649.65 m2;Trujilllo;Trujillo;La Libertad;Norte
Agencia;125;Melgar;JR. 25 DE DICIEMBRE N° 687 ;309.95 m2;AYAVIRI;Melgar;PUNO;Sur
Agencia;501;Mexico;Av. Mexico 1600-1604 Urb. El fundo La Polvora;339.02 m2;La Victoria;Lima;Lima;Lima
Agencia;562;Minka;Av. Argentina 3093-3257;244 m2;Callao;Callao;Lima;Lima
Matriz;535;Miraflores;Av. Teniente ferre 207;1125 m2;Miraflores;Arequipa;Arequipa;Sur
Agencia;405;Mochumi;CALLE SAN JOSE N°407 Distrito de Mochumi, Provincia y Departamento de Lambayeque.;267.23 m2;Mochumi;Lambayeque;Lambayeque;Norte
Matriz;610;Mollendo;Centro Poblado Mollendo Mz H4, Lote 10. Distrito de Mollendo;914.91 m2;Mollendo;Islay;Arequipa;Sur
Agencia;403;Moquegua;Calle ancash nro 112;345.6 m2;Moquegua;Mariscal Nieto;Moquegua;Sur
Agencia;384;Morrope;Calle Bolognesi  401 Distrito de Morrope, Provincia y Departamento de Lambayeque.;327.68 m2;Morrope;Lambayeque;Lambayeque;Norte
Agencia;43;Morropon;Jr. Adrianzen  572;426.49 m2;Morropon;Morropon;Piura;Norte
Matriz;499;Moshoqueque Matriz;Av. Bolivar n° 384 - urb. Moshoqueque;823.90 m2;Jose Leonardo Ortiz;Chiclayo;Lambayeque;Norte
OI;36;Motupe;Calle el carmen n° 523 ;165.51 m2;Motupe;Lambayeque;Lambayeque;Norte
OE;OE;Motupe;Calle emiliano niño 508;142.80 m2;Motupe;Lambayeque;Lambayeque;Norte
Matriz;542;Moyobamba Matriz;Jr. San martin 466  distrito belen;566.18 m2;Moyobamba;Moyobamba ;San Martin;Oriente
Agencia;533;Musa;Mz a lt 6 paul poblet lindt (alt. Km 12 carretera cieneguilla);502 m2;Pachacamac;Lima;Lima;Lima
Agencia;88;Nueva Cajamarca;Av.cajamarca 725;261 m2;Nueva Cajamarca;Rioja;San Martin;Oriente
Agencia;428;Nueva Esperanza;Avenida 26 de noviembre n°1908 mz y lote 31, pueblo joven virgen de lourdes, asentamiento humano nueva esperanza,;250 m2;Vmt;Lima;Lima;Lima
Agencia;786;Nuevo Chimbote;Urb. Las Casuarinas Mz. A1 Lote 10 Parcela 4 sector 72 ;463.38 m2;Nuevo Chimbote;Santa;Ancash;Norte
Matriz;355;Nuevo Chimbote Matriz;Oe nuevo chimbote : av. Pacifico lote (3-4) a, mz h urbanizacion buenos aires 1° etapa, programa de vivienda primera etapa u-1 nucleo urbano buenos aires;459 m2;Nuevo Chimbote;Santa;Ancash;Norte
Agencia;381;Olmos;Calle santo domingo #830;376.93 m2;Olmos;Lambayeque;Lambayeque;Norte
Matriz;357;Otuzco;Calle bolivar 565. Otuzco;397.45 m2;Otuzco;Otuzco;La Libertad;Norte
Agencia;299;Ovalo Mariategui;Ppjj villa el salvador mz a lote 10 sector 6, grupo residencial 8a;394.52 m2;Ves;Lima;Lima;Lima
Matriz;814;Ovalo Zapallal;Lote 1, mz l-1 parcelación zapallal;404.97 m2;Puente Piedra;Lima;Lima;Lima
Agencia;420;Oxapampa;Jr. Bolognesi #349-353;354.57 m2;Oxapampa;Oxapampa;Pasco;Centro
OI;65;Oyotun;CALLE SAN JOSE N° 226;88 m2;Oyotun;Chiclayo;Lambayeque;Norte
Agencia;164;Pachacamac I Etapa;Mz. C Lt. 07 Urb. Pachacutec 1era. Etapa;220.38 m2;Ves;Lima;Lima;Lima
Agencia;511;Pachacamac II Etapa;Mz L Lote 16 2da etapa Urb. Pachacamac sector 4 ;397 m2;Ves;Lima;Lima;Lima
Agencia;804;Pachacamac Pueblo;Av. Paul poblet lind. Mz 45 lote 04 pueblo tradicional pachacamac cercado;441.93 m2;Pachacamac;Lima;Lima;Lima
Agencia;174;Pachacutec;Prolongación av. 225, mz.s, lote 04 sector c-gr-c4-proyecto piloto pachacútec;258 m2;Ventanilla;Callao;Lima;Lima
Agencia;89;Pachacutec Bajo;Mz N- Lote 1 ZN Proyecto Especial Pachacutec Del Asentamiento Humano Sol Y Mar Sector 1;461.63 m2;Ventanilla;Callao;Lima;Lima
OI;214;Paimas;Calle Jose Carlos Mariátegui Mz. R Lote 03, Distrito de Paimas, Provincia de Ayabaca y Departamento de Piura;87.83 m2;Paimas;Ayabaca;Piura;Norte
Agencia;252;Paita;Av. Victor raul haya de la torre mz b lote 4, asentamiento humano 5 de febrero;179.80 m2;Paita;Paita;Piura;Norte
Agencia;321;Pampas Inalambricas;Asentamiento Humano Integración Latinoamericana Mz Y Lote 43 Pampa Inalámbica, Provincia de Ilo, departamento de Moquegua;427.59 m2;Ilo;Ilo;Moquegua;Sur
Agencia;344;Pamplona;Pueblo joven pamplona alta mz a lote 18;476.76 m2;Sjm;Lima;Lima;Lima
Agencia;881;Panao;Jirón lima 546;223.68 m2;Panao;Pachitea;Huanuco;Centro
Agencia;880;Pangoa;Calle ucayali,sub lote mn-6,mz.20;285.36 m2;Pangoa ;Satipo;Junin;Centro
Agencia;349;Parcona;Centro Pablado Primera Etapa Mz i1 lote 9, distrito de Parcona;285.36 m2;Parcona;Ica;Ica;Sur
Agencia;479;Pardo;Av. Jose pardo 175-185;956.67 m2;Miraflores;Lima;Lima;Lima
Agencia;117;Pasco;pasaje 122 mz Ñ lt4-A, urbanización san Juan sección centro comercial;487.32 m2;Yanacancha;Pasco;Pasco;Centro
OI;100;Patapo;Av. Trapiche s/n al costado de la municipalidad;149.65 m2;Patapo;Chiclayo;Lambayeque;Norte
Agencia;172;Paucarpata;Av. Jesus nº1401 (pueblo joven jose carlos mariategui);267 m2;Paucarpata;Arequipa;Arequipa;Sur
Agencia;882;Pedro Ruiz;Avenida Marginal N° 101, distrito de Jazan, provincia de Bongará, departamento de Amazonas;273.08 m2;Jazan;Bongará;Amazonas;Oriente
Agencia;373;Pedro Vilcapaza;Av. HUANCANÉ N° 210, URB. VILLA HERMOSA DEL MISTI, DISTRITO DE JULIACA, DPTO PUNO;455 m2;Juliaca;San Roman ;Puno;Sur
Agencia;401;Pichanaqui;Av. Marginal Mz. D-1 Lote 14, Zona Baja del II Sector, AA.HH. Bajo ;453.04 m2;Pichanaqui;Chanchamayo ;Junin;Centro
OI;37;Pimentel;Calle Lima 449;134 m2;Chiclayo;Chiclayo;Lambayeque;Norte
Agencia;522;Pinto;Av. Pinto mz k lt 7 ;310 m2;Tacna;Tacna;Tacna;Sur
Matriz;613;Pinto Matriz;Av. Gustavo pinto n° 362;1058.57 m2;Tacna;Tacna;Tacna;Sur
Agencia;347;Pisco;Calle progreso  237 distrito de pisco, provincia de pisco, departamento de ica;313.85 m2;Pisco;Pisco;Ica;Sur
Agencia;611;Piura Centro; Calle Libertad N° 602 y Calle Callao N° 313-339, Zona Cercado Piura;681.29 m2;Piura;Piura;Piura;Norte
Agencia;611;Piura Centro; Calle Libertad N° 602 y Calle Callao N° 313-339, Zona Cercado Piura;681.29 m2;k;Piura;Piura;Norte
Agencia;809;Piura Grau;Prolongación av. Grau 2216 mz a lote 26 urb. Las mercedes;393.27 m2;Piura;Piura;Piura;Norte
Matriz;503;Piura Matriz;Av sanchez cerro n° 1279;709.58 m2;Piura;Piura;Piura;Norte
OI;OI;Pomacanchi;Centro Poblado Mz V1 Lote 16;85.16 m2;Pomacanchi;Acomayo;Cusco;Sur
OI;38;Pomalca;Calle 24 de Junio #121;281.16 m2;Pomalca;Chiclayo;Lambayeque;Norte
Agencia;571;Primavera;Av. Angamos Oeste 1754 Monterrico-Surco;378.20 m2;Surco;Lima;Lima;Lima
Matriz;506;Pro Unicachi;Av. Alfredo mendiola 7887-7889;489.20 m2;Los Olivos;Lima;Lima;Lima
Agencia;477;Proceres;Av. Proceres de la Ind. N° 1671 - Urb. Las Flores;485.1 m2;Sjl;Lima;Lima;Lima
Agencia;241;Pucallpa;Jr. Zavala Nro. 580 (Antes Lote 2A Manzana 146 de la Lotización de Pucallpa);320 m2;Callaría;Coronel Potillo ;Ucayali;Oriente
Matriz;505;Pucallpa Matriz;Jr. Coronel portillo 623 lote 14 mzP 54;429 m2;Callaria;Coronel Potillo ;Ucayali;Oriente
OI;101;Pueblo Nuevo;Jirón bolivar mz 108 lote 4 centro poblado nuevo colan;54.53 m2;Colan;Paita;Piura;Norte
Agencia;467;Puente Piedra;Urb. Sto Domingo 1ra etapa Mz C Lt. 18 - 19. Seccion Inmobiliaria N° 1 ;410 m2;Puente Piedra;Lima;Lima;Lima
Matriz;14;Puente Piedra Matriz;Av. Pte. Piedra, mz c - lt 07, urb.sto.domingo;346.87 m2;Puente Piedra;Lima;Lima;Lima
Matriz;518;Puerto Maldonado;Av. Ernesto rivero 716 tambopata;683.90 m2;Tambopata;Tambopata;Madre De Dios;Sur
Agencia;502;Puno;Jr. Puno 334 -326-342 secc 2 (1/2 Cdra Plza de Armas);382.85 m2;Puno;Puno;Puno;Sur
Matriz;13;Puno Matriz;Jr. Oquendo n° 248-250, distrito, provincia y departamento de puno;510.28 m2;Puno;Puno;Puno;Sur
Agencia;429;Puyango;Av. Fernando belaunde terry mz 20 lt n° 11 urbanización andrés araujo;410.25 m2;Tumbes;Tumbes;Tumbes;Norte
Matriz;380;Quillabamba;Jr. Machupicchu nº 193, urb. Santa ana, distrito de santa ana, provincia de la convencion y departamento de cusco;344.54 m2;Quillabamba;La Convención;Cusco;Sur
Matriz;387;Raul Porras;Jr. Raul porras barnechea n° 1048-1052, zona cercado, distrito de juliaca, provincia de san roman, departamento de puno;632.5 m2;Juliaca;San Roman ;Puno;Sur
OI;96;Recuay;Plaza de armas n° 154 del centro poblado barrio centro, distrito y provincia de recuay, departamento de ancash;65 m2;Recuay;Recuay;Ancash;Norte
Agencia;189;Rimac Alcazar;Av. Alcazar 378. Rimac;430.64 m2;Rimac;Lima;Lima;Lima
Matriz;452;Rimac Matriz;Av. Caquetá N° 998;734.78 m2;Rimac;Lima;Lima;Lima
Agencia;257;Rio Seco;Sub lote 6 km 9 de la carretera yura (interseccion via de evitamiento), distrito de cerro colorado, provincia y departamento de arequipa;483.60 m2;Cerro Colorado;Arequipa;Arequipa;Sur
Agencia;469;Saenz Peña;Av. Roque saénz peña n° 922-924;574.70 m2;Callao;Callao;Lima;Lima
Agencia;327;San Antonio;AV UNION JICAMARCA MZ R LOTE 7 SECTOR ESTE - ANEXO 08;399 m2;San Antonio;Huarochiri;Lima;Lima
OI;OI;San Genaro;Asentamiento humano municipal San Genaro Mz P Lote 6;32.11 m2;Chorrillos;Lima;Lima;Lima
OA;OA;San Genaro;Av. Principal manzana p. Lote 3;42.30 m2;Chorrillos;Lima;Lima;Lima
Agencia;883;San Ignacio;Av. San Ignacio  131,135  Provincia de  San Ignacio, Departamento de Cajamarca;243.45 m2;San Ignacio;San Ignacio;Cajamarca;Norte
OI;228;San Jacinto;JIRÓN SANTA N° 8;147.4 m2;Nepeña;Santa;Ancash;Norte
Agencia;421;San Jeronimo;Av. Llocllapata NRO. 670;477 m2;San Jeronimo;Cusco;Cusco;Sur
Agencia;530;San Juan De Collique;Av. Tupac amaru n° 7879 (mz b lt 12) urb san juan bautista - collique;518 m2;Comas;Lima;Lima;Lima
Matriz;1;San Juan De Lurigancho;Av. Próceres de la Independencia  1857 - 1859 (( ANTES MZ. J LOTE 5 ), Urb. San Hilarion, segunda etapa;916.9 m2;Sjl;Lima;Lima;Lima
Agencia;6;San Juan De Miraflores;Av. San juan 689 - 691, zona a;552.20 m2;Sjm;Lima;Lima;Lima
Matriz;451;San Juan De Miraflores Matriz;Av. De los Heroes N° 516 - 518;760.69 m2;Sjm;Lima;Lima;Lima
Agencia;190;San Luis;Av. Canada 3979;270 m2;San Luis;Lima;Lima;Lima
OI;OI;San Marcos;Jirón Miguel Grau N° 430;64 m2;Pedro Galvez;San Marcos;Cajamarca;Norte
Matriz;468;San Martin Matriz;Av Perú 3420-3420A, 3424 Perú MZ 9 Lt 16 3ra Zona;786.61 m2;Smp;Lima;Lima;Lima
Agencia;350;San Miguel;PROLONGACION 28 DE JULIO CUADRA 2, MZ46 , LT 10;516.23 m2;San Miguel;San Miguel;Cajamarca;Norte
OI;OI;San Pablo;JIRÓN LIMA N° 318;51 m2;SAN PABLO;SAN PABLO;CAJAMARCA;Norte
Agencia;512;San Pedro;Av. Triunfo cdra. 3 s/n Puerto 1 (Av. Triunfo 750);189 m2;Chorrillos;Lima;Lima;Lima
Agencia;282;Santa;Jr. Huallaga N° 224 (antes Mz. C Lote 13), Urbanización Casco Urbano ;302 m2;Santa;Santa;Ancash;Norte
Matriz;457;Santa Anita Plaza;Av. Nicolas ayllón n° 3236;715.91 m2;Ate Vitarte;Lima;Lima;Lima
Agencia;595;Santa Clara;Av. Parque cívico 185 urb. Fundo la estrella ate;939 m2;Ate Vitarte;Lima;Lima;Lima
BN;BN;Santa Cruz;JIRÓN JUAN UGAZ N° 199;109.84 m2;Santa Cruz;Santa Cruz;Cajamarca;Norte
Agencia;850;Santa Luzmila;Av. Universitaria Norte esquina con Psje. Peatonal s/n, Mz.: P, Lt: 13 ;605 m2;Comas;Lima;Lima;Lima
Agencia;609;Santiago;Av. Antonio Lorena N° 394 - Distrito de Santiago;665.96 m2;Cusco;Cusco;Cusco;Sur
Agencia;811;Santiago De Chuco;Calle cesar vallejo 1204 ;442.29 m2;Santigo De Chuco;Santiago De Chuco;La Libertad;Norte
Matriz;247;Santiago Matriz;Av. Antonio lorena n° 999, distrito de santiago, provincia y departamento de cusco             ;389 m2;Santiago;Cusco;Cusco;Sur
Agencia;557;Satipo;Jr. Francisco Irazola letra B Mz 14,;753 m2;Satipo;Satipo;Junin;Centro
Agencia;129;Sechura;Calle Bolivar Nº 289 (antes Mz. 13, lote 21 Sector Norte);386 m2;Sechura;Sechura;Piura;Norte
Sala;;Sede Brasil (Jesus Maria);Av. Brasil N° 1403;1327 m2;Jesus Maria;Lima;Lima;Lima
OP;-;Sede Hatun Wasi;Av. Republica de Panama 4575;8290 m2;Surquillo;Lima;Lima;Lima
OP;-;Sede Hatun Wasi - 6 salas;Av. Republica de Panama 4575;216 m2;Surquillo;Lima;Lima;Lima
OP;-;Sede Hatun Wasi - piso 14;Av. Republica de Panama 4575;1671.03 m2;Surquillo;Lima;Lima;Lima
OP;-;Sede Hatun Wasi - piso 15;Av. Republica de Panama 4575;1671.03 m2;Surquillo;Lima;Lima;Lima
Matriz;206;Sicuani;Av. Manuel callo zevallos 256-258;374.86 m2;Sicuani;Canchis;Cusco;Sur
Matriz;760;Sihuas;Av. 28 de Julio MZ. E2 LT 5 # 141 Barrio Pingullo Bajo;288 m2;Sihuas;Sihuas;Ancash;Norte
OE;OE;Sorochuco;PUEBLO TRADICIONAL SOROCHUCO;43.14 m2;Sorochuco;Celendin;Cajamarca;Norte
Agencia;556;Sullana;Av. San martin 821-823;510.23 m2;Sullana;Piura;Piura;Norte
Matriz;149;Sullana Matriz;Centro poblado barrio leticia – jose de lama mz 12, lote 2, distrito y provincia de sullana y departamento de piura;844.58 m2;Sullana;Sullana;Piura;Norte
Agencia;828;Surco;Av. Los proceres n° 155, urbanizacion los proceres (antes urbanizacion los proceres primera etapa sector 3a g2 lote 7);430.08 m2;Surco;Lima;Lima;Lima
Matriz;470;Surquillo;Av. Republica de Panama  4517-4519;305 m2;Surquillo;Lima;Lima;Lima
Agencia;239;Tablada De Lurin;Jr. Ricardo palma n° 1008-1010-1012, pueblo joven san francisco tablada de lurin mz 4r lote 1, sector segundo;312.27 m2;Vmt;Lima;Lima;Lima
Agencia;555;Talara;Av. Grau a-39 talara (entre parque grau y mcdo nuevo talara);433.53 m2;Pariñas;Talara;Piura;Norte
Matriz;363;Tambo Grande;Jirón castilla n°417;469.09 m2;Tambo Grande;Sullana;Piura;Norte
Agencia;836;Tantamayo;Av. Tantamayo mz d lote 23, asociacion san juan bautista, smp.;317.06 m2;Smp;Lima;Lima;Lima
Matriz;158;Tarapoto Matriz;Jr. Plaza mayor nº 245;654.38 m2;Tarapoto;San Martin ;San Martin;Oriente
Matriz;516;Tarma;Jr. Lima 543;398 m2;Tarma;Tarma ;Junin;Centro
Agencia;322;Tingo Maria;Av. Alameda peru 555 - (mz. 24 lote 3) tingo maría - huanuco;313 m2;Rupa-Rupa;Leoncio Prado ;Huanuco;Centro
Agencia;94;Tocache;Jiron Fredy de Aliaga 151;339 m2;Tocache;Tocache;San Martin;Oriente
Agencia;425;Tres De Octubre;Jr. 3, Mz W, Lote 21, Pueblo Joven 3 de Octubre, Distrito de Socabaya, Provincia de Arequipa, Departamento de Arequipa.;556.73 m2;Socabaya;Arequipa;Arequipa;Sur
Agencia;427;Tres Marias;Av. Victor malasquez mz c, lote 07, sector central, centro poblado rural los huertos de manchay;636.68 m2;Pachacamac;Lima;Lima;Lima
Agencia;2;Trujillo;Av. España nº 1060-1066  centro histórico;1235 m2;Trujillo;Trujillo;La Libertad;Norte
Matriz;481;Trujillo Matriz;Jiron Diego de Almagro 564,  Centro civico;1185.49 m2;Trujilllo;Trujillo;La Libertad;Norte
Matriz;521;Tumbes Matriz;Calle bolivar 147;759 m2;Tumbes;Tumbes;Tumbes;Norte
Agencia;540;Tupac Amaru;Jr. Tupac amaru 885;650 m2;Juliaca;San Roman ;Puno;Sur
Agencia;130;Tupac Amaru De Villa;Av. 24 de Octubre, Manzana D-4, Lote 19, AA.HH. Tupac Amaru de Villa;553 m2;Chorrillos;Lima;Lima;Lima
Matriz;152;Tupac Amaru Matriz;Jr.Túpac Amaru N° 892, esquina con Jr. Moquegua N° 900;513 m2;Juliaca;San Roman ;Puno;Sur
Agencia;055;Urcos;Jr. Arica n° 217-221 (antes mz. E1 lote 3), distrito de urcos, provincia y departamento de cusco;126 m2;Urcos;Quispicanchi;Cusco;Sur
Agencia;884;Urubamba;Av. Torrechayoc N°135 ,Distrito y Provincia de Urubamba;216.50 m2;Urubamba;Urubamba;Cusco;Sur
Agencia;509;Valle Sharon;Av. Cesar canevaro lote 11  mz f - urb valle sharon;973 m2;Sjm;Lima;Lima;Lima
Agencia;799;Variante Uchumayo;Avenida Circunvalación Centro Poblado Semi Rural Pachacutec, Grupo zonal N° 10 Zona D Mz 52 Lote 9D Sección 1 y sección 2;469 m2;Cerro Colorado;Arequipa;Arequipa;Sur
Agencia;361;Ventanilla;Av. Mariscal cáceres mz c-1 lote 19 urbanización la bandera - ex zona comercial e industrial de ventanilla;758 m2;Ventanilla;Callao;Lima;Lima
Matriz;464;Ventanilla Matriz;Av. Principal mz c-3 lote 13.  Urb ventanilla;683 m2;Callao;Callao;Lima;Lima
Matriz;455;Villa El Salvador Matriz;Av. Juan velasco alvarado sector 2 grupo 8 mz f lt17;529 m2;Ves;Lima;Lima;Lima
Agencia;334;Villa Los Reyes;"Asentamiento humano villa los reyes mz ""e"" lote 3, sector 2";571.99 m2;Ventanilla;Callao;Lima;Lima
Agencia;270;Villa Maria Del Triunfo (San Gabriel);Av. Salvador allende 1306 - ppjj san juanito;457.76 m2;Sjm;Lima;Lima;Lima
Matriz;461;Villa Maria Del Triunfo Matriz;Av. El Triunfo 101-105 Esq. Av. Pachacutec 2281-2285 Mz H1 lote 5 1er Piso;1031.34 m2;Vmt;Lima;Lima;Lima
Matriz;461;Villa Maria Del Triunfo Matriz;Av. El Triunfo 101-105 Esq. Av. Pachacutec 2281-2285 Mz H1 lote 5 1er Piso;1031.34 m2;3413 m2;Lima;Lima;Lima
Agencia;873;Villa Rica;Centro poblado Villa Rica, Cercado Mz. D - Lote 13;233.77 m2;Villa Rica;Oxapampa;Pasco;Centro
Agencia;128;Viru;Av. Viru 2162-trujillo;415.30 m2;Viru;Viru;La Libertad;Norte
Agencia;325;Yauri;Calle sucre lt 14 a2 b y c espinar;308 m2;Espinar;Espinar;Cusco;Sur
Agencia;194;Yungay;Jr. Santa rosa manza a. Lote 11. Yungay. Ancash;192 m2;Yungay;Yungay;Ancash;Norte
Agencia;254;Yunguyo;Jr grau nro. 544;280 m2;Yunguyo ;Yunguyo ;Puno;Sur
Agencia;815;Yura;Asentamiento Poblacional Asociación Urbanizadora Ciudad de Dios MZ O Lote 5 Sector A Zona A;227.75 m2;Yura;Arequipa;Arequipa;Sur
Matriz;269;Zarate;Av. Gran chimu nro. 827 urb. Zarate sector b-1 lima lima san juan de lurigancho;640.04 m2;Sjl;Lima;Lima;Lima
;OI;Zorritos;Av. Grau n° 521, centro poblado zorritos;57.23 m2;Zorritos;Contra Almirante Villar;Tumbes;Norte
;;;;;;;;

